Subject,Cond,order_PPRS1_RSPP2,Sex,Age,SexOrient,Outro1,tOutro1,PP01,PP02,PP03,PP04,PP05,PP06,PP07,PP08,PP09,PP10,PP11,PP12,PP13,PP14,PP15,PP16,PP17,PP18,tPP01,tPP02,tPP03,tPP04,tPP05,tPP06,tPP07,tPP08,tPP09,tPP10,tPP11,tPP12,tPP13,tPP14,tPP15,tPP16,tPP17,tPP18,PPVAS1,PPVAS2,RS01,RS02,RS03,RS04,RS05,RS06,RS07,RS08,RS09,RS10,RS11,RS12,RS13,RS14,RS15,RS16,tRS01,tRS02,tRS03,tRS04,tRS05,tRS06,tRS07,tRS08,tRS09,tRS10,tRS11,tRS12,tRS13,tRS14,tRS15,tRS16,RSVAS1,RSVAS2,SPVAS1,SPVAS2,VIS01,VIS02,VIS03,tVIS01,tVIS02,PP03_revcod,PP05_revcod,PP12_revcod,PP13_revcod,PP15_revcod,PP16_revcod,PP18_revcod,PP_AVE,RS01_revcod,RS02_revcod,RS03_revcod,RS05_revcod,RS011_revcod,RS012_revcod,RS016_revcod,RS_AVE,tAVE_PP,tAVE_RS,VIS_AVE,VAS1_cor,VAS2_cor,VAS_bothwrong
3,1,1,1,19,1,2,31535,7,4,2,7,4,3,3,4,5,3,4,2,3,3,1,4,3,2,9035,8031,10072,8325,26116,10538,4365,21007,6933,10493,8842,5447,16283,6842,12485,9898,10845,15168,1,1,1,5,5,6,2,3,4,3,3,3,1,2,2,6,6,3,11592,25230,17772,14665,13448,9938,11873,6015,36848,15241,19343,6252,9873,41685,6803,14073,99,99,99,99,5,5,2,10285,5483,6,4,6,5,7,4,6,4.666666667,7,3,3,6,7,6,5,4.5625,11151.38889,16290.6875,4,1,0,0
4,1,2,2,21,1,2,24493,7,4,4,7,5,1,2,1,6,5,1,6,5,5,3,6,2,3,6245,3770,3730,7305,5575,6847,3555,5095,7785,10615,4278,4750,16725,4435,3583,18901,7445,11953,1,2,6,6,4,5,5,7,7,6,5,5,3,3,5,6,7,3,6550,9413,13020,6368,5365,4562,9083,2962,4030,9555,6078,5713,5278,6070,3450,6935,99,99,99,99,5,6,3,4730,3130,4,3,2,3,5,2,5,3.611111111,2,2,4,3,5,5,5,4.9375,7366.222222,6527,4.666666667,1,1,0
6,1,2,1,20,1,2,18571,7,4,7,1,1,1,2,2,1,4,1,1,7,1,1,5,1,7,3060,3857,2850,5702,6888,2997,3642,4385,3058,7310,4145,9191,4608,37393,8127,5405,5290,9800,1,2,7,3,1,7,3,7,7,7,7,7,4,1,7,7,7,1,7725,6295,10465,4530,9653,4840,4530,2370,2265,3657,19525,3453,8875,5370,5883,4380,99,99,99,99,2,3,1,6725,3965,1,7,7,1,7,3,1,2.888888889,1,5,7,5,4,7,7,6.1875,7094.888889,6488.5,2,1,1,0
8,1,2,1,20,1,2,15082,7,4,6,5,2,2,2,4,5,3,2,3,3,4,1,5,4,3,3617,4590,3727,8315,6465,5023,5703,5470,6170,8061,3305,3710,5792,4450,4030,3320,8361,9192,1,2,5,2,2,7,2,7,6,7,7,6,1,1,7,7,7,1,7878,7712,8045,7925,4725,3192,6585,2296,4105,6482,4093,5518,3812,3000,3987,6143,99,99,99,99,5,6,5,6173,3890,2,6,5,5,7,3,5,4.166666667,3,6,6,6,7,7,7,6.4375,5516.722222,5343.625,5.333333333,1,1,0
13,1,2,1,20,3,2,31218,3,5,7,1,3,4,1,5,2,4,3,7,1,6,4,5,3,6,7872,4298,4603,5403,7548,6990,3010,6405,20310,13137,4795,4953,7511,12730,7665,4615,8033,10155,1,2,4,6,1,6,1,7,4,7,4,3,1,2,6,6,7,1,12428,7105,16327,21865,7350,4720,11426,3273,6320,10280,14176,9240,8082,10005,16360,9277,99,99,99,99,5,6,2,7310,5098,1,5,1,7,4,3,2,3.333333333,4,2,7,7,7,6,7,5.625,7779.611111,10514.625,4.333333333,1,1,0
15,1,2,2,18,1,2,10972,6,5,3,6,4,2,3,5,6,6,4,5,2,5,4,5,6,2,3837,2737,2657,3800,11768,3473,4005,3878,6050,6118,6435,2765,6250,4860,5247,5065,5053,5891,1,2,7,4,4,2,6,7,7,7,7,3,1,1,5,5,6,5,5297,6425,8493,4963,5192,3567,7420,2500,2777,7488,4215,4060,8008,3505,4528,10716,99,99,99,99,6,6,5,4465,2368,5,4,3,6,4,3,6,4.722222222,1,4,4,2,7,7,3,4.8125,4993.833333,5572.125,5.666666667,1,1,0
16,1,2,2,29,1,2,18686,7,6,1,7,1,6,5,6,6,6,6,1,1,6,1,2,2,3,3995,4573,4131,6465,6047,5975,5427,6415,5068,6265,4345,3495,6420,5973,4222,4358,6550,13565,1,2,7,4,2,5,5,6,2,7,7,6,1,2,6,6,7,2,8403,5945,9420,11211,9722,4733,8720,5305,5855,9090,5190,4917,6726,4430,4705,5693,99,99,99,99,5,7,2,10830,5563,7,7,7,7,7,6,5,6.055555556,1,4,6,3,7,6,6,5.3125,5738.277778,6879.0625,4.666666667,1,1,0
20,1,1,1,20,1,2,26620,7,1,2,7,4,1,6,2,7,5,1,1,4,7,4,6,7,2,3737,6120,3808,4193,6795,4255,3855,4805,4450,7795,3398,2710,6888,5430,4177,3680,4448,10513,1,2,4,4,1,6,4,6,6,7,2,3,1,4,5,5,7,4,11065,4702,7695,7625,4330,3693,5195,3432,8385,6260,4607,4177,9780,6603,4375,26333,99,99,99,99,5,7,5,7000,3608,6,4,7,4,4,2,6,4.666666667,4,4,7,4,7,4,4,5.0625,5058.722222,7391.0625,5.666666667,1,1,0
31,1,2,1,20,1,2,23152,5,4,6,6,3,2,3,4,2,3,3,4,4,4,3,4,3,2,3443,5108,3098,7262,5940,3575,3665,5965,5303,5992,4768,4333,6545,8010,7335,3952,6288,11910,1,2,5,5,3,5,4,6,6,6,4,4,2,3,3,6,7,4,7723,7440,9817,4590,3603,4660,5733,2128,5253,7735,5808,5787,10260,7190,3555,6423,99,99,99,99,5,6,4,6898,5223,2,5,4,4,5,4,6,3.833333333,3,3,5,4,6,5,4,4.8125,5694,6106.5625,5,1,1,0
33,1,1,1,19,1,1,110974,6,4,6,7,2,4,1,5,3,5,4,1,1,5,2,4,2,1,6817,6828,8051,8548,24210,6032,6305,10860,20188,11870,11986,4022,6795,8128,7026,13692,12903,20108,1,2,6,5,1,5,6,7,5,7,7,7,4,4,5,7,7,2,17693,11305,10843,10433,7947,3232,17953,4935,2980,26840,21320,15706,10112,4113,3217,12321,99,99,99,99,4,6,2,15398,11583,2,6,7,7,6,4,7,4.722222222,2,3,7,2,4,4,6,5.3125,10798.27778,11309.375,4,1,1,0
34,1,1,2,20,1,2,14293,6,4,7,6,4,3,2,5,5,2,4,4,4,2,2,3,5,2,4067,3240,2678,6818,4468,3940,4092,4195,4758,4373,5500,3881,6057,4515,5395,4327,5368,5513,1,2,3,5,3,6,2,6,4,7,6,7,6,1,5,5,7,4,9222,5943,8978,3805,3710,2707,6725,3363,4360,4023,3112,3242,4706,4883,3895,6607,99,99,99,99,5,5,3,3315,4705,1,4,4,4,6,5,6,4.111111111,5,3,5,6,2,7,4,5.3125,4621.388889,4955.0625,4.333333333,1,1,0
35,1,2,1,20,1,2,26970,6,5,7,4,1,4,2,5,2,7,4,1,2,7,1,7,7,1,4175,5480,2492,7100,7482,3661,3385,5170,4970,4408,9340,3930,6366,5863,3973,7505,6577,4053,2,1,5,1,1,7,2,7,4,7,5,7,1,1,5,7,7,1,10425,3893,6870,4188,5885,3682,8170,6831,7640,4022,3905,2970,17433,7542,7552,6523,99,99,99,99,3,5,1,6042,2410,1,7,7,6,7,1,7,4.944444444,3,7,7,6,7,7,7,6.25,5329.444444,6720.6875,3,0,0,1
38,1,2,2,19,1,2,11050,6,3,4,7,5,3,2,3,1,5,3,5,4,5,2,4,4,1,4177,4820,2905,6055,5730,4555,2965,4320,6243,5508,3957,3787,5730,6408,9130,4090,8383,7885,1,2,5,3,3,6,2,7,7,5,7,6,5,1,7,7,7,2,6615,6125,6803,3790,7996,3662,5975,3755,3255,6212,10283,3215,4625,7952,2298,4253,99,99,99,99,6,7,3,3430,3305,4,3,3,4,6,4,7,4.055555556,3,5,5,6,3,7,6,5.875,5369.333333,5425.875,5.333333333,1,1,0
40,1,2,2,20,1,2,21368,6,3,7,5,6,2,5,2,4,6,2,5,6,5,3,7,7,6,3718,2985,2535,6257,4060,3025,4370,3788,4623,7217,5053,5083,6317,11020,6760,4880,5042,6715,1,2,6,3,6,4,1,2,4,3,3,3,7,4,2,6,6,7,3702,6958,18250,4320,4303,3363,7245,3668,4667,16358,10783,5493,11303,6050,2865,2955,99,99,99,99,5,6,2,4302,2340,1,2,3,2,5,1,2,3.5,2,5,2,7,1,4,1,3.4375,5191.555556,7017.6875,4.333333333,1,1,0
42,1,1,1,18,1,2,15171,6,4,2,7,4,1,1,5,2,5,4,1,1,5,1,1,2,5,3480,3452,4300,4100,5273,4668,4001,4268,4517,5987,3773,5768,6332,6158,4053,3503,5755,7342,1,1,7,4,3,3,2,7,6,5,5,5,1,2,5,5,7,2,6345,10205,9962,1982,6970,3585,4923,4298,4585,7588,4455,4318,7273,6480,3112,5348,99,99,99,99,5,5,6,3558,3055,6,4,7,7,7,7,3,4.611111111,1,4,5,6,7,6,6,5.1875,4818.333333,5714.3125,5.333333333,1,0,0
48,1,2,1,21,1,1,30118,7,7,1,7,1,7,4,7,7,7,7,2,2,3,3,2,4,4,3033,2128,3305,4543,8453,2252,2780,3085,4513,5603,2600,2813,17020,12543,4276,2685,4715,12643,1,2,3,2,3,6,2,7,7,7,7,7,4,2,5,6,6,6,4660,7558,6340,5843,4075,4108,11388,2370,1798,3778,5452,5198,9268,3443,2698,4795,99,99,99,99,4,5,3,4002,3602,7,7,6,6,5,6,4,6,5,6,5,6,4,6,2,5.75,5499.444444,5173.25,4,1,1,0
50,1,1,1,21,1,2,20160,7,4,2,7,3,1,2,5,7,6,2,1,1,4,1,6,4,2,2508,5745,6035,5128,14493,8645,4330,12908,4460,8348,7788,3140,16788,4482,4348,6010,6908,6925,1,2,5,5,3,6,3,7,5,7,3,2,1,1,5,7,7,1,18348,11875,8470,4867,6122,6508,7255,2155,7662,7373,8628,4173,6158,7235,6687,22348,99,99,99,99,5,6,5,7258,2406,6,5,7,7,7,2,6,4.944444444,3,3,5,5,7,7,7,5.375,7166.055556,8491.5,5.333333333,1,1,0
52,1,1,2,20,1,2,11420,7,5,2,6,4,3,1,4,4,3,2,3,3,3,2,5,5,5,3303,4252,3457,4960,6205,3856,3445,4850,6865,7675,3443,4820,7137,4043,3800,5883,5950,9701,1,1,6,6,2,6,3,6,3,2,2,2,2,4,7,2,6,2,4180,4303,7393,6135,4021,4170,6638,2678,3610,5895,5885,4565,4800,8805,3158,4340,99,99,99,99,4,6,2,4575,3800,6,4,5,5,6,3,3,4.166666667,2,2,6,5,6,4,6,4.1875,5202.5,5036,4,1,0,0
57,1,2,2,19,1,2,11391,6,5,7,3,1,6,2,7,7,3,7,5,2,5,3,2,3,2,4167,3272,2460,6243,3702,3868,5011,2977,4800,5512,3010,2490,4295,5258,4650,3515,5217,5097,1,2,5,6,1,5,2,7,3,4,4,2,3,1,6,5,7,2,8593,3775,5368,3978,2665,2792,5727,3100,2473,5920,5897,3570,2928,14862,2350,3792,99,99,99,99,5,6,4,4103,2073,1,7,3,6,5,6,6,4.888888889,3,2,7,6,5,7,6,4.9375,4196.888889,4861.875,5,1,1,0
58,1,1,1,20,1,2,25280,7,4,3,5,3,7,4,3,6,5,3,1,4,2,1,5,6,1,3995,5747,21163,5528,4060,2905,3847,3783,4605,5318,3670,3870,5457,5005,4856,3737,4680,4980,1,2,6,7,1,4,4,7,3,6,7,3,1,1,4,7,7,2,6525,6435,9278,5042,3995,2560,6590,2360,4461,8025,4788,5467,5583,4150,3811,5170,99,99,99,99,2,5,3,6680,8173,5,5,7,4,7,3,7,5,2,1,7,4,7,7,6,5.125,5400.333333,5265,3.333333333,1,1,0
59,1,1,2,21,1,2,21478,5,3,2,7,6,1,2,1,7,5,1,2,5,5,2,6,3,1,11775,7408,7160,6977,14865,3785,5758,4260,5635,13532,4992,4778,10947,5875,7348,7018,7322,6813,1,2,7,7,2,1,7,7,2,5,3,2,4,4,6,7,7,2,5100,4777,8905,8905,2310,3305,5860,4990,5420,6955,7000,4160,3885,6901,4998,5447,99,99,99,99,3,6,5,7782,2803,6,2,6,3,6,2,7,4,1,1,6,1,4,4,6,3.9375,7569.333333,5557.375,4.666666667,1,1,0
61,1,1,1,20,1,2,18380,5,4,5,3,5,3,2,4,5,5,1,5,3,3,3,5,2,5,7763,5002,10755,6123,9188,4602,3167,5733,9110,10161,5643,6215,15768,8545,20710,3648,7995,8540,1,2,7,7,2,1,5,6,5,4,1,3,1,7,5,7,7,5,10890,7255,9215,5563,8703,4452,11555,4942,3622,15403,3815,5257,13008,6786,5452,14232,99,99,99,99,4,3,4,6263,5187,3,3,3,5,5,3,3,3.444444444,1,1,6,3,7,1,3,3.8125,8259.333333,8134.375,3.666666667,1,1,0
67,1,2,1,18,1,2,39961,7,7,7,7,1,5,2,5,2,2,4,1,2,6,2,5,7,1,6358,4060,6140,6287,6870,7793,5075,6915,7622,7175,14578,4055,9785,8108,4800,5378,8388,8033,1,2,6,1,2,3,4,7,6,4,7,7,1,2,7,6,7,1,9852,6713,21042,13773,6800,8530,7827,6853,4332,4935,10283,8272,10383,6807,4310,5095,99,99,99,99,5,5,5,9338,10193,1,7,7,6,6,3,7,5.055555556,2,7,6,4,7,6,7,5.8125,7078.888889,8487.9375,5,1,1,0
68,1,1,1,20,4,2,16898,7,3,3,6,5,2,1,7,2,2,6,1,1,4,4,4,3,3,6417,6075,4715,5575,9988,4260,3758,5420,4058,7871,4102,10075,7603,5260,4553,3730,6690,6970,2,1,7,4,2,7,7,7,7,7,7,3,2,1,1,4,7,5,7632,4383,8250,3990,3700,2487,7662,5300,2705,6160,4437,4175,3740,11796,3912,6105,99,99,99,99,4,6,3,5493,3703,5,3,7,7,4,4,5,4.333333333,1,4,6,1,6,7,3,4.875,5951.111111,5402.125,4.333333333,0,0,1
70,1,1,1,20,1,2,33898,6,6,4,7,5,1,4,2,4,7,2,4,5,6,2,6,6,5,4840,6292,5815,5215,8213,5905,4355,3975,8723,5795,3863,4305,7400,4700,7725,6035,9523,10132,1,2,7,2,2,7,2,7,7,7,7,7,1,1,7,7,7,2,7043,8265,7445,4380,3592,3218,5706,3765,3180,5325,4797,4335,4473,6748,4395,4798,99,99,99,99,6,7,5,5155,3882,4,3,4,3,6,2,3,4.222222222,1,6,6,6,7,7,6,6.375,6267.277778,5091.5625,6,1,1,0
71,1,2,1,24,1,2,32188,7,5,1,7,2,6,1,4,7,6,4,1,4,3,2,4,2,6,4998,6400,5007,4572,6917,5337,4693,4902,5587,7450,6115,5430,5010,8768,8032,4970,7610,11057,1,2,7,3,2,5,3,7,4,6,6,6,1,1,5,7,7,1,9731,10817,9455,11348,5960,8688,7720,3853,3881,7917,7172,7015,6742,4273,3273,6272,99,99,99,99,5,7,4,6770,6958,7,6,7,4,6,4,2,4.888888889,1,5,6,5,7,7,7,5.6875,6269.722222,7132.3125,5.333333333,1,1,0
76,1,1,2,18,4,2,22486,7,3,1,7,4,3,5,5,5,7,2,2,4,5,4,3,6,1,4573,3960,2190,4508,5170,2090,2888,5342,8248,5975,4127,3238,11723,6920,3680,2680,4090,4338,1,1,7,6,6,1,6,5,3,6,3,3,1,7,5,5,3,6,5653,6600,14760,2422,3435,3821,6698,4190,6025,3742,4080,2875,5703,8275,13342,5272,99,99,99,99,3,2,2,4158,2215,7,4,6,4,4,5,7,5.111111111,1,2,2,2,7,1,2,3.1875,4763.333333,6055.8125,2.333333333,1,0,0
79,1,2,1,18,1,2,10855,6,4,2,7,4,3,3,6,6,6,5,2,3,5,2,4,4,3,3220,2887,3280,5002,4663,5403,2873,4307,4675,4725,4125,3565,5408,5006,3960,7938,4835,6960,1,2,7,5,4,5,4,5,4,6,6,5,4,3,5,5,6,6,6522,5360,13498,5250,3667,3460,7165,3440,2935,4620,3587,4962,5820,3010,5183,4090,99,99,99,99,4,6,7,4727,4022,6,4,6,5,6,4,5,5.055555556,1,3,4,4,4,5,2,4.375,4601.777778,5160.5625,5.666666667,1,1,0
84,1,2,1,18,3,2,20561,2,2,5,6,3,2,2,2,5,3,1,1,1,5,2,5,3,6,5568,6340,3580,4330,9482,5508,3228,2966,10120,4365,5443,3490,13641,7090,5845,6470,10148,6815,1,2,7,6,2,7,6,6,6,5,3,2,5,2,5,7,6,3,3852,4622,9688,4143,4430,3877,7798,4338,10561,8307,4708,3772,5867,7668,13585,6715,99,99,99,99,5,5,3,4375,6643,3,5,7,7,6,3,2,3.666666667,1,2,6,2,3,6,5,4.5,6357.166667,6495.6875,4.333333333,1,1,0
86,1,1,1,18,3,2,18911,5,2,7,1,2,2,2,6,2,6,6,1,2,5,2,2,6,4,6217,4860,9583,6753,5417,3800,3125,6435,3650,5503,9890,4242,7105,5215,3585,2915,5877,8807,1,2,6,6,2,6,2,7,7,7,7,7,2,2,6,6,7,1,7003,3353,7282,3380,3658,3670,7760,2615,3098,3468,6277,4860,5337,7360,4397,4143,99,99,99,99,2,6,5,6028,3842,1,6,7,6,6,6,4,4.388888889,2,2,6,6,6,6,7,5.9375,5721.055556,4853.8125,4.333333333,1,1,0
90,1,1,1,22,1,2,10655,3,4,6,5,4,6,2,7,6,3,4,6,1,4,1,1,1,5,6935,7950,3812,7540,6870,6255,3812,4212,4830,7095,4395,5172,8858,5390,3300,4297,3962,6450,1,2,1,6,1,7,1,7,4,3,3,4,1,5,7,7,7,4,7360,5460,10648,4977,5223,4337,5255,7158,4755,4410,4820,7865,5080,4316,3180,4918,99,99,99,99,4,5,2,4925,11956,2,4,2,7,7,7,3,4.277777778,7,2,7,7,7,3,4,5.375,5618.611111,5610.125,3.666666667,1,1,0
96,1,1,1,23,1,2,42020,7,3,6,7,1,2,1,7,3,5,5,1,1,6,1,1,1,1,6712,9190,5415,5246,6850,4275,6358,3770,11620,10713,6660,3543,23553,4915,5332,4383,6083,7740,1,2,2,6,1,7,1,6,3,7,2,2,1,1,7,7,7,1,6595,5568,7452,4828,4808,5165,7270,2967,6557,5528,3412,2973,6137,4570,6358,5523,99,99,99,99,4,6,1,16430,3853,2,7,7,7,7,7,7,5.055555556,6,2,7,7,7,7,7,5.6875,7353.222222,5356.9375,3.666666667,1,1,0
98,1,1,2,18,1,2,37666,7,4,2,4,4,4,4,4,2,3,3,2,4,5,3,5,5,5,3105,3685,3283,6041,9395,2767,3125,3235,4825,7010,6960,3535,5710,4810,7960,6453,6928,8582,1,1,5,3,2,2,2,6,5,6,6,6,2,2,6,6,6,2,9012,5903,6902,5905,5120,4590,8233,3430,3105,4330,6952,3568,4312,3833,2923,3373,99,99,99,99,4,4,1,6553,3940,6,4,6,4,5,3,3,4.222222222,3,5,6,6,6,6,6,5.4375,5411.611111,5093.1875,3,1,0,0
103,1,2,1,20,3,2,14248,3,3,6,1,5,4,2,5,1,3,4,5,3,3,6,4,1,3,5881,7438,3612,5905,7110,6138,4901,5750,5145,7878,7595,3758,9232,12568,4740,3727,9921,12555,1,1,6,4,5,7,2,6,6,7,3,4,2,2,5,5,7,2,13905,7432,8743,5053,10357,4840,7871,5787,6357,5108,10357,5228,4268,5058,6370,4958,99,99,99,99,3,6,5,7055,4633,2,3,3,5,2,4,5,3,2,4,3,6,6,6,6,5.1875,6880.777778,6980.75,4.666666667,1,0,0
107,1,1,1,19,1,2,16035,5,6,6,4,2,2,2,2,2,5,4,2,2,5,3,3,5,6,8885,6663,4427,8122,10687,4730,3738,5380,3837,6495,4810,4867,36453,6900,7620,8468,9295,6855,1,1,7,4,3,5,3,6,5,5,6,5,2,2,2,6,7,2,5960,12545,20621,6360,4480,4442,8423,6162,9850,5427,5590,4412,4960,10655,23641,6485,99,99,99,99,5,6,4,8560,6698,2,6,6,6,5,5,2,4.111111111,1,4,5,5,6,6,6,5,8235.111111,8750.8125,5,1,0,0
109,1,1,1,40,1,2,10045,6,3,1,6,4,5,3,3,7,2,5,1,1,5,1,4,5,2,3393,3345,2332,5860,10230,5290,4650,6161,4817,6643,7310,4128,9023,7025,5300,4032,6702,9843,1,2,7,6,5,6,4,4,3,2,2,2,4,5,5,5,6,3,3985,3880,8235,8005,6883,6503,4767,6485,4407,9656,6138,14630,5620,4005,9722,3982,99,99,99,99,3,4,1,4785,8263,7,4,7,7,7,4,6,5.111111111,1,2,3,4,4,3,5,3.5625,5893.555556,6681.4375,2.666666667,1,1,0
112,1,2,1,24,1,2,17560,7,6,1,7,1,7,6,7,2,7,7,1,1,7,1,1,7,6,3420,4625,2585,4355,9713,3158,4280,4305,9745,6718,3163,2720,4318,3740,3410,2530,4610,13288,1,2,6,3,3,7,3,7,6,7,7,7,2,1,7,7,7,3,7003,7205,10823,3700,5965,3970,7795,9558,1980,3503,5685,3650,7108,4223,2980,4962,99,99,99,99,2,6,3,6058,2953,7,7,7,7,7,7,2,6.333333333,2,5,5,5,6,7,5,6.0625,5037.944444,5631.875,3.666666667,1,1,0
115,1,2,1,19,1,1,16937,7,4,7,1,5,1,1,1,2,2,2,7,5,1,6,6,1,7,5425,12553,3670,7068,14868,3725,4110,4900,4991,14175,7990,3205,11338,6832,4920,3887,6043,9138,1,1,2,6,1,6,1,7,7,7,2,2,4,1,7,7,7,1,18143,11102,11648,13842,5670,3720,8255,3658,8085,5332,10563,10945,7150,6175,4748,4682,99,99,99,99,5,7,6,7520,3310,1,3,1,3,2,2,1,2,6,2,7,7,4,7,7,5.75,7157.666667,8357.375,6,1,0,0
2,2,2,1,20,1,2,19798,6,3,6,5,1,5,3,7,5,3,5,3,3,2,3,3,3,4,6195,6542,3580,4038,5848,4533,4792,5127,4185,5532,3811,7602,4210,5382,6335,5217,5360,7123,99,99,5,4,3,5,3,6,4,5,5,5,1,5,4,7,7,3,7643,6617,14070,4960,4683,4180,11008,3548,5392,6251,7355,4948,9197,3952,10280,4740,2,2,99,99,5,7,5,4902,4682,2,7,5,5,5,5,4,4.444444444,3,4,5,5,7,3,5,5,5300.666667,6801.5,5.666666667,1,0,0
7,2,1,2,20,1,1,21825,6,4,4,6,5,2,2,2,6,6,2,4,5,2,5,5,2,3,3470,3238,3005,3230,9213,7953,2070,3015,4478,5762,4720,4955,8741,8363,4603,4220,4328,10108,99,99,7,7,3,4,6,5,4,4,2,2,2,2,5,5,6,5,13068,6157,12175,7275,3265,3968,8062,4043,13270,4115,5298,2375,5751,3290,3465,10313,2,2,99,99,6,6,6,5997,2750,4,3,4,3,3,3,5,3.611111111,1,1,5,2,6,6,3,3.8125,5304,6618.125,6,1,0,0
10,2,2,2,17,1,2,47103,7,4,1,7,6,4,1,4,1,3,3,7,3,1,4,4,3,2,7512,6218,7628,5738,12738,10345,4090,10211,6165,11085,8176,7893,9705,6948,4892,10618,8603,11838,99,99,6,7,3,6,4,7,5,5,3,3,4,2,6,7,6,3,15858,10615,15437,8746,8618,5532,14358,7662,7375,8055,7608,6888,6218,5750,5360,5695,2,2,99,99,7,7,6,5741,4080,7,2,1,5,4,4,6,3.722222222,2,1,5,4,4,6,5,4.6875,8355.722222,8735.9375,6.666666667,1,0,0
11,2,2,2,20,1,2,21076,7,6,4,7,1,5,1,7,4,3,4,6,1,3,4,1,1,1,7257,2937,5313,5928,5808,4617,4955,4832,18481,9340,6395,5428,4185,11317,5577,3153,4288,14403,99,99,4,4,2,7,3,6,4,6,6,6,1,2,3,4,6,5,6212,6345,11265,3767,6328,2950,7527,2683,2905,5623,5823,6815,8125,7975,3975,23375,1,2,99,99,5,6,1,6235,3928,4,7,2,7,4,7,7,4.777777778,4,4,6,5,7,6,3,5.1875,6900.777778,6980.8125,4,0,0,1
14,2,2,2,20,1,2,29261,7,3,1,5,4,4,3,4,3,3,4,2,2,4,3,3,3,5,3445,5910,3023,6433,5302,4230,3818,5822,5270,8123,7915,3582,5475,6120,3920,8125,6247,7240,99,99,7,5,1,1,5,7,5,4,4,4,1,5,5,7,7,4,5305,6450,6963,4953,6415,5828,5040,4258,5007,3890,5687,6645,10327,4431,3183,6797,2,2,99,99,4,6,5,5921,8630,7,4,6,6,5,5,3,4.388888889,1,3,7,3,7,3,4,4.5,5555.555556,5698.6875,5,1,0,0
17,2,1,1,19,1,2,20623,5,3,3,7,4,2,5,5,6,6,3,4,3,5,5,3,6,3,4117,4382,3742,6025,6800,4662,4285,6823,5643,7178,3470,4675,6650,5767,5495,4015,6908,7115,99,99,5,6,2,5,3,6,6,6,7,5,4,2,5,5,6,2,6170,6488,10123,5417,4717,4565,6063,2200,4798,7327,9933,5215,7305,4783,7395,4292,1,2,99,99,3,5,3,7472,5718,5,4,4,5,3,5,5,4.666666667,3,2,6,5,4,6,6,5.1875,5430.666667,6049.4375,3.666666667,0,0,1
18,2,1,1,20,1,2,14625,6,3,7,5,3,6,2,7,1,1,5,7,1,1,3,5,3,3,4635,6108,1968,5102,5995,3040,4400,3287,5183,6363,3552,3570,3561,2698,3710,2552,5680,8172,99,99,6,5,2,7,1,7,7,7,7,7,3,1,5,6,7,3,4663,4930,5640,2218,2580,2725,5040,1473,1562,2475,5405,2673,6323,3192,3130,3145,2,1,99,99,3,7,6,6123,2227,1,5,1,7,5,3,5,3.722222222,2,3,6,7,5,7,5,5.9375,4420.888889,3573.375,5.333333333,1,1,0
19,2,2,1,19,1,2,9802,7,7,2,7,5,2,5,2,2,7,1,1,5,7,2,5,7,1,3533,3655,3507,4863,6700,3837,3421,4080,6595,5195,3513,3038,6305,3600,7222,5958,4807,5835,99,99,7,6,2,7,2,7,7,7,2,2,7,4,7,1,6,2,6998,5645,9770,7390,3965,3365,7090,2163,3890,3693,3560,5595,5898,5397,3775,5988,2,1,99,99,3,5,4,5913,2857,6,3,7,3,6,3,7,4.944444444,1,2,6,6,1,4,6,4.5,4759.111111,5261.375,4,1,1,0
24,2,1,2,20,1,2,11967,4,5,2,3,1,5,1,5,3,6,4,5,3,2,4,5,1,3,5936,4275,4715,5657,8052,6540,4156,4100,12922,9230,3363,4548,4500,5065,3668,3728,8087,13068,99,99,7,6,2,6,2,6,3,4,4,5,1,3,6,6,7,2,10182,6908,6213,3393,4467,3198,5953,4505,2400,24743,5253,9636,4103,3860,2630,4305,2,2,99,99,2,5,3,5430,7418,6,7,3,5,4,3,5,4,1,2,6,6,7,5,6,5,6200.555556,6359.3125,3.333333333,1,0,0
26,2,1,1,19,3,2,16598,6,3,3,2,2,4,1,5,2,2,3,2,3,1,5,4,5,2,4043,3753,4523,13890,8618,7960,3633,6775,4060,6490,14523,3283,27276,6010,3645,7305,9595,7441,99,99,3,5,1,6,4,6,4,7,5,3,2,1,7,6,7,2,12895,4353,11915,3900,6542,14430,10915,2463,6550,19483,3368,4867,4553,5513,4705,16228,1,2,99,99,5,6,5,7170,7000,5,6,6,5,3,4,6,3.833333333,5,3,7,4,6,7,6,5.5625,7934.611111,8292.5,5.333333333,0,0,1
27,2,1,1,19,3,2,8448,4,3,6,4,5,5,1,4,1,1,2,6,2,5,6,5,1,6,3623,4575,3295,3742,4753,7360,2772,3112,4110,4620,4335,7313,5277,4583,4730,2850,4452,4890,99,99,2,5,1,7,1,7,6,5,5,5,4,2,7,6,6,1,5930,4303,4462,2593,3463,2095,3815,2825,2325,3587,4808,3010,2848,3535,4213,2895,2,1,99,99,5,6,2,5600,3317,2,3,2,6,2,3,2,2.833333333,6,3,7,7,4,6,7,5.875,4466.222222,3544.1875,4.333333333,1,1,0
29,2,1,1,19,1,2,13355,6,2,6,4,5,3,1,2,6,5,2,4,3,3,5,5,3,2,7147,10353,5898,17190,10145,5580,4685,10110,9088,8353,5725,13831,13800,7715,6753,4938,10175,10290,99,99,5,7,1,7,3,6,6,7,3,4,1,3,7,5,7,1,9040,7078,7455,6493,8403,6215,5687,2278,7770,8375,5730,7072,4050,10183,2938,4213,1,1,99,99,6,7,1,10210,3737,2,3,4,5,3,3,6,3.5,3,1,7,5,7,5,7,5.4375,8987.555556,6436.25,4.666666667,0,1,0
36,2,2,1,21,1,2,25373,5,5,7,5,5,1,1,5,4,2,3,2,1,2,5,4,2,5,6610,4750,3447,7430,9343,4040,3560,5343,6203,8117,8712,6357,6440,6233,5382,7440,9690,15065,99,99,1,5,2,7,1,7,6,7,3,3,1,2,7,5,7,1,7395,9268,12527,5936,4093,3458,6497,2865,5948,11855,4082,6672,7312,6627,5955,7230,1,1,99,99,5,7,2,5695,5148,1,3,6,7,3,4,3,3.444444444,7,3,6,7,7,6,7,5.9375,6897.888889,6732.5,4.666666667,0,1,0
39,2,1,2,20,1,2,32166,5,4,7,6,4,3,1,3,6,5,2,7,4,1,4,5,2,5,8243,5520,2760,6913,6122,4893,4440,8976,10067,5785,6673,4521,13208,5080,4882,3475,11416,9762,99,99,4,7,1,5,5,4,1,6,1,1,5,3,7,5,7,3,13476,5727,5613,5095,3850,7782,5235,6475,6235,4955,4422,13033,5475,6993,2913,9732,2,1,99,99,1,4,1,4813,8480,1,4,1,4,4,3,3,3.222222222,4,1,7,3,3,5,5,4.0625,6818.666667,6688.1875,2,1,1,0
43,2,2,1,22,1,2,14445,6,4,3,6,4,3,3,4,6,5,4,6,3,6,4,5,5,3,3088,4433,2885,5825,7778,2785,2400,4766,4900,4423,4013,4015,5167,4105,4068,3388,6680,5905,99,99,6,5,2,6,2,6,3,7,4,4,3,3,5,5,6,3,6600,5443,8258,4915,3778,3635,5818,6755,4655,7742,6226,5372,3647,4417,4342,7600,2,2,99,99,5,7,3,3495,4090,5,4,2,5,4,3,5,4.444444444,2,3,6,6,5,5,5,4.875,4479.111111,5575.1875,5,1,0,0
46,2,2,1,18,1,2,25818,7,7,4,7,1,7,4,7,4,2,7,3,1,2,4,1,5,1,3695,3267,4013,5788,7090,3960,3213,4712,5087,10185,3225,4905,6263,5340,4420,6941,8005,7335,99,99,7,4,1,7,4,7,5,7,7,7,4,1,4,7,7,4,6791,4947,10750,4842,9985,6633,9908,2955,2983,4772,8963,5503,13670,10696,4460,6862,1,1,99,99,7,7,7,4103,2195,4,7,5,7,4,7,7,5.555555556,1,4,7,4,4,7,4,5.5625,5413.555556,7170,7,0,1,0
49,2,1,2,20,1,1,26810,5,2,4,5,6,2,3,2,2,1,1,6,6,2,4,7,1,6,6282,3108,5130,3960,8885,3068,4393,4935,4035,7050,3338,3020,4593,5723,4165,3203,6795,5395,99,99,7,2,5,3,2,7,6,5,7,6,1,4,3,6,7,1,3360,4690,6651,4455,5755,6398,4240,2690,3033,3138,3221,4507,4415,3725,2915,4273,2,2,99,99,5,7,5,3007,3338,4,2,2,2,4,1,2,2.388888889,1,6,3,6,7,4,7,5.25,4837.666667,4216.625,5.666666667,1,0,0
54,2,1,2,22,1,2,19405,5,4,2,6,4,2,4,2,5,4,3,3,4,3,6,5,3,2,6178,4243,5304,6458,10406,4961,3073,7348,5506,7285,6537,4977,12433,8580,9485,4570,5569,10717,99,99,6,4,4,6,4,6,4,5,5,5,4,3,5,5,6,4,10312,12105,13010,9407,6100,8985,11559,4461,7581,6022,11700,7160,6536,8221,5694,15881,2,1,99,99,6,6,4,6006,2075,6,4,5,4,2,3,6,3.944444444,2,4,4,4,4,5,4,4.625,6868.333333,9045.875,5.333333333,1,1,0
55,2,2,2,22,1,2,13058,4,4,5,7,3,4,1,6,2,1,1,2,2,6,5,4,1,6,6482,2391,4762,4585,5945,3183,3695,5560,5426,5505,3475,2600,10553,8708,5143,3703,5153,6253,99,99,7,7,4,2,4,7,2,3,3,1,1,4,6,7,7,2,6003,4828,9805,5998,4175,13173,6453,3385,2707,6150,5147,4853,4448,4557,3455,5678,2,1,99,99,4,7,2,3260,2762,3,5,6,6,3,4,2,3.666666667,1,1,4,4,7,4,6,4.0625,5173.444444,5675.9375,4.333333333,1,1,0
65,2,1,1,21,1,2,19090,5,5,4,4,1,7,2,7,1,4,5,2,1,3,4,3,2,6,10267,3490,3705,5808,5417,2718,4883,4780,5218,6272,3810,4365,7748,6155,7882,4755,9943,9005,99,99,7,3,2,7,3,7,7,7,7,7,2,5,4,7,7,1,9277,9448,8348,4492,7700,5170,9791,2327,2422,3727,4238,5537,10678,10220,4875,6963,2,1,99,99,7,7,6,3057,3663,4,7,6,7,4,5,2,4.444444444,1,5,6,5,6,3,7,5.8125,5901.166667,6575.8125,6.666666667,1,1,0
66,2,2,1,19,1,2,26141,6,4,6,4,3,4,2,6,4,3,5,5,2,3,4,3,3,2,9445,6067,4875,5630,6638,10817,6900,3685,9663,6993,8660,5992,7530,6261,8633,6710,6667,11418,99,99,6,3,2,4,4,6,5,7,5,6,2,4,5,6,7,4,7677,8398,8820,7027,4810,4453,8063,3900,7105,6068,7095,6030,9840,5305,7908,5975,2,1,99,99,5,7,5,8415,5185,2,5,3,6,4,5,6,4.166666667,2,5,6,4,6,4,4,5.125,7365.777778,6779.625,5.666666667,1,1,0
69,2,1,2,21,1,2,21088,4,5,6,7,3,3,2,4,3,4,5,3,3,4,4,3,5,4,7635,2775,3285,4667,7062,4466,4025,5085,8358,1585,800,973,475,1290,1317,1602,1522,842,99,99,6,4,5,6,3,4,5,6,5,4,5,5,4,4,3,5,5522,3610,4215,3558,2818,2998,3215,3240,5536,3645,4832,2057,927,1515,1268,1087,2,2,99,99,5,5,6,3668,3200,2,5,5,5,4,5,4,4.222222222,2,4,3,5,3,3,3,4,3209.111111,3127.6875,5.333333333,1,0,0
75,2,1,2,22,1,2,24628,5,6,7,1,1,5,1,7,7,4,5,1,1,3,2,5,2,1,3710,8048,2067,5667,3912,3375,3130,2830,3520,6030,3880,2255,10290,5251,7935,9482,6270,7730,99,99,5,4,1,4,2,1,1,4,1,1,7,7,5,2,1,6,10998,4235,5655,6140,4973,2588,7435,4857,3683,5545,2855,3127,4771,4525,2933,11597,2,2,99,99,1,3,1,4260,6885,1,7,7,7,6,3,7,4.666666667,3,4,7,6,1,1,2,2.75,5299,5369.8125,1.666666667,1,0,0
78,2,2,1,19,1,2,55169,1,6,7,1,5,1,1,5,4,6,2,2,5,1,1,6,1,7,6430,8490,3018,5858,6348,5837,2157,5760,21905,17523,8457,7445,10435,4545,3830,6045,5857,7288,99,99,6,1,1,7,1,7,7,7,7,6,1,1,7,7,7,1,9308,14635,13025,4535,4515,3577,4940,2685,5250,12083,13848,3530,7635,3472,3205,5117,2,2,99,99,5,7,5,6283,2790,1,3,6,3,7,2,1,2.888888889,2,7,7,7,7,7,7,6.625,7623.777778,6960,5.666666667,1,0,0
80,2,2,1,20,2,2,15335,6,4,3,5,3,3,2,5,2,2,2,3,1,2,1,6,3,1,4950,6340,3540,4820,6407,3036,2260,3117,4995,4597,2980,4538,7380,4393,4972,4028,4465,7147,99,99,2,7,2,7,1,6,2,6,5,2,2,2,6,6,6,7,6681,3755,6335,3733,3900,3000,5582,3013,2538,5827,2985,5238,5260,3450,2430,4861,2,1,99,99,2,6,6,4950,3165,5,5,5,7,7,2,7,4.111111111,6,1,6,7,6,6,1,4.9375,4664.722222,4286.75,4.666666667,1,1,0
81,2,1,1,18,1,2,22100,6,4,5,6,6,6,2,2,4,2,2,4,4,5,5,5,3,5,3727,4712,4837,4160,8662,5185,9755,7278,4678,5945,3072,13147,10883,6830,2517,4720,7263,10088,99,99,4,5,2,6,1,7,6,6,6,5,3,3,5,5,6,2,23268,6885,12957,5250,7253,3942,5727,3170,4968,16600,5420,6893,6325,5350,4427,6448,2,1,99,99,6,6,5,7518,3903,3,2,4,4,3,3,3,3.555555556,4,3,6,7,5,5,6,5.5,6525.5,7805.1875,5.666666667,1,1,0
82,2,2,1,21,3,2,28388,6,3,7,1,4,5,1,5,1,6,3,6,2,1,6,4,1,6,11330,6920,3513,5208,6990,7718,3748,7160,4372,8568,5383,5865,8150,6678,8393,6503,6578,10795,99,99,7,3,1,6,3,6,6,7,6,2,1,1,5,6,7,1,13018,14056,9702,5843,6082,6055,10690,3715,4150,5680,5498,8033,8588,7123,2820,5201,2,1,99,99,5,5,4,10522,5298,1,4,2,6,2,4,2,3,1,5,7,5,7,7,7,5.625,6881.777778,7265.875,4.666666667,1,1,0
89,2,2,2,19,1,2,32791,2,5,2,6,2,6,5,6,3,2,5,3,2,2,3,4,3,3,6860,7057,7501,8580,14172,4035,3673,4315,7072,8415,4735,5578,9013,7318,13070,6476,9293,27946,99,99,5,4,4,6,4,6,5,3,5,4,3,3,4,5,6,3,19695,16427,9700,8973,7373,9258,9613,16113,6668,7770,13125,11667,10248,14402,4420,22958,2,2,99,99,6,7,5,8230,4213,6,6,5,6,5,4,5,4.555555556,3,4,4,4,5,5,5,4.625,8617.166667,11775.625,6,1,0,0
91,2,2,1,22,1,2,22298,5,3,5,4,2,3,2,5,2,4,2,5,3,4,2,3,5,4,8281,5533,3695,3680,23275,3480,2183,4120,4215,8590,3420,3113,44631,3942,6250,4710,4493,14255,99,99,4,3,1,5,2,6,4,5,3,4,3,3,5,5,5,2,5628,5212,11432,3867,4498,3840,18115,7803,7353,10657,9465,4961,3262,3528,9210,9145,1,1,99,99,3,5,3,5798,4840,3,6,3,5,6,5,4,3.944444444,4,5,7,6,5,5,6,5,8437,7373.5,3.666666667,0,1,0
92,2,2,2,19,1,2,11295,6,4,6,6,4,5,2,6,7,6,5,2,2,5,2,4,4,1,4937,12875,2700,5130,6838,3448,3070,2965,6087,5125,5502,2925,5577,6218,5985,8745,5870,5383,99,99,5,5,1,6,2,6,3,5,4,3,2,2,7,4,5,2,8730,7780,6231,4005,5117,5230,6863,3910,4475,14265,4945,7890,5847,4803,11002,6047,2,1,99,99,4,7,1,5093,3547,2,4,6,6,6,4,7,5.055555556,3,3,7,6,6,6,6,5,5521.111111,6696.25,4,1,1,0
93,2,2,2,19,1,2,10470,4,4,6,4,5,2,3,2,5,4,2,4,4,2,3,4,2,1,5880,3122,3283,4290,11858,3555,3170,3768,4345,4840,3580,5328,9680,9160,6755,3062,10073,5897,99,99,5,5,3,5,3,7,4,5,1,2,2,2,5,3,6,2,6452,7581,20127,4850,4476,5067,14110,2330,7588,4537,13202,3635,4350,3360,7471,3495,2,2,99,99,3,5,2,5225,3470,2,3,4,4,5,4,7,3.5,3,3,5,5,6,6,6,4.5,5647,7039.4375,3.333333333,1,0,0
95,2,1,2,22,1,1,24586,6,5,5,6,3,2,2,6,3,4,4,3,2,4,5,2,3,6,4722,2443,2993,3778,6123,1975,4185,5220,5412,4440,3771,3450,7510,3523,3133,3335,3993,8568,99,99,6,5,3,5,3,5,3,6,3,3,2,2,5,6,6,2,3632,3543,5105,8523,2518,2058,3810,2858,5325,2905,3150,3695,4038,2850,3718,3642,2,2,99,99,6,5,2,3425,4923,3,5,5,6,3,6,2,4.166666667,2,3,5,5,6,6,6,4.6875,4365.222222,3835.625,4.333333333,1,0,0
99,2,2,2,19,1,2,15265,7,5,2,7,3,3,3,3,2,7,3,1,2,6,2,5,7,3,3185,5270,3048,4053,6980,2933,5345,4440,3965,8180,4027,2855,5523,5072,3113,3685,4763,5675,99,99,7,3,4,5,5,6,5,7,3,4,1,1,6,6,7,3,4265,8085,9148,5928,4760,3267,5787,3150,6285,5931,7335,5907,4722,4827,3625,4208,2,2,99,99,6,7,6,3447,2966,6,5,7,6,6,3,5,5.055555556,1,5,4,3,7,7,5,5.0625,4561.777778,5451.875,6.333333333,1,0,0
100,2,1,2,19,1,2,12810,5,4,3,4,3,2,2,5,2,3,2,2,3,2,3,4,3,3,7025,3457,6333,4552,9545,7075,3495,5355,5235,7827,6658,4160,7350,8348,19120,3162,6016,6905,99,99,4,6,2,5,5,6,5,5,4,3,4,3,5,5,7,3,16558,7898,29667,3720,4265,2430,6220,2593,5355,26038,15411,3087,19578,7430,4483,4343,1,2,99,99,3,5,2,5555,3795,5,5,6,5,5,4,5,3.833333333,4,2,6,3,4,5,5,4.625,6756.555556,9942.25,3.333333333,0,0,1
101,2,2,2,19,1,2,34045,2,2,6,1,2,5,2,4,2,1,2,6,3,2,6,5,1,7,5420,2957,3005,6835,5635,4243,2660,3542,5970,6833,5692,3468,7152,10413,4471,4980,6672,7927,99,99,3,5,3,6,2,6,5,6,5,3,3,2,6,6,6,3,4880,4995,9985,4343,4500,5795,5307,2687,5472,5995,7815,4095,8952,5248,13843,10565,1,1,99,99,5,6,6,8300,2591,2,6,2,5,2,3,1,2.5,5,3,5,6,5,6,5,5.25,5437.5,6529.8125,5.666666667,0,1,0
102,2,2,1,18,1,2,13610,7,4,4,7,1,4,4,4,7,7,1,4,4,7,1,1,7,1,3750,3887,6880,4942,12395,6563,3938,6058,4572,7440,3372,5258,12985,7577,7165,5755,5865,7090,99,99,4,1,4,7,1,7,4,4,7,7,1,1,7,7,7,4,6420,5985,8910,7295,4675,4027,9988,6350,3345,11623,3883,6390,6173,6955,2852,11285,2,1,99,99,7,7,7,3500,2225,4,7,4,4,7,7,7,5.5,4,7,4,7,7,7,4,6.0625,6416.222222,6634.75,7,1,1,0
106,2,2,1,19,1,2,14320,5,3,3,3,4,2,2,3,3,2,3,6,4,3,5,4,3,5,7055,3573,4097,6783,8020,3740,3055,3927,3026,5233,3038,4940,6335,5635,4861,8078,4943,6045,99,99,5,6,2,5,4,5,5,6,4,5,3,2,5,6,6,3,12656,7083,7390,5237,5168,3156,13810,2718,3825,4403,6295,5613,4020,3450,4450,3935,2,1,99,99,4,6,5,8878,4430,5,4,2,4,3,4,3,3.166666667,3,2,6,4,5,6,5,4.875,5132.444444,5825.5625,5,1,1,0
113,2,1,1,18,4,2,25870,6,6,4,5,2,2,1,3,1,3,2,2,1,3,3,4,2,5,5870,6763,12808,6705,8482,11320,5000,7423,7960,13188,11888,10955,8058,10525,7207,6625,11658,10787,99,99,5,1,1,7,2,7,5,7,6,6,3,1,7,5,6,6,11561,4858,12383,6630,6645,6530,11425,4605,5756,16610,10720,4443,5290,6320,16242,9770,2,1,99,99,5,7,5,5955,4941,4,6,6,7,5,4,3,3.833333333,3,7,7,6,5,7,2,5.8125,9067.888889,8736.75,5.666666667,1,1,0
116,2,2,1,19,1,2,25808,6,4,7,3,4,1,2,5,2,1,1,3,2,1,3,5,5,5,6040,3502,2140,5608,7788,2155,3633,3835,7622,4500,5262,4505,10155,6670,3515,3090,6067,10070,99,99,7,1,1,7,1,7,7,6,6,7,1,1,1,5,4,2,5915,5148,18285,3340,3818,3223,8846,4225,9880,11690,5960,3463,2815,4053,7020,7267,2,2,99,99,5,7,2,7610,2753,1,4,5,6,5,3,3,3.222222222,1,7,7,7,7,7,6,5.75,5342.055556,6559.25,4.666666667,1,0,0
1,3,2,1,25,1,99,99,6,4,6,6,3,4,4,4,4,4,2,2,3,4,3,4,4,3,6790,4485,6685,5612,10128,3720,11315,5010,5223,5990,6285,6193,9923,4320,4437,6516,8713,15857,99,99,6,6,3,7,3,7,5,7,6,5,2,1,6,6,7,3,9085,5835,12650,6110,7246,3375,6410,2890,5490,6162,6682,5410,7157,5705,3833,5362,99,99,2,1,4,5,1,6317,4705,2,5,6,5,5,4,5,4.333333333,2,2,5,5,6,7,5,5.5,7066.777778,6212.625,3.333333333,1,1,0
5,3,1,1,19,1,99,99,5,4,5,6,4,3,1,5,2,1,2,6,4,3,4,5,1,6,9215,5738,3515,7155,6943,4000,2942,3530,6518,5057,4053,3322,5542,6790,3575,4798,5723,10025,99,99,5,3,1,5,2,6,6,6,6,6,3,2,6,6,6,2,5730,4655,6838,2907,3148,3083,4542,2532,2595,4097,3998,3738,3722,3067,2845,5090,99,99,2,1,4,4,1,4168,6565,3,4,2,4,4,3,2,3.055555556,3,5,7,6,5,6,6,5.6875,5468.944444,3911.6875,3,1,1,0
9,3,2,1,20,1,99,99,6,4,3,6,4,3,1,3,3,6,2,4,1,5,2,3,2,4,8423,3127,4070,3697,4835,3082,4180,4713,4990,4403,4217,3465,7830,4700,3752,3185,6491,5608,99,99,3,5,2,7,2,7,5,5,4,4,3,1,4,6,7,2,10077,7885,7215,4263,5605,4108,5990,3453,4233,5355,7670,5218,6431,3708,3470,8547,99,99,2,1,4,6,3,3842,5045,5,4,4,7,6,5,4,4.222222222,5,3,6,6,5,7,6,5.4375,4709.333333,5826.75,4.333333333,1,1,0
12,3,1,2,20,1,99,99,7,2,7,5,4,2,2,3,5,2,2,2,2,1,6,5,2,3,5055,5625,4625,7802,9466,3555,2743,4250,5888,6403,3075,4198,5867,8600,6397,4837,8393,17537,99,99,7,4,2,6,2,7,6,6,6,4,2,2,7,7,7,1,6110,7831,9042,9078,3230,3285,6523,2545,6023,7637,8398,4055,7323,4130,3595,4917,99,99,2,1,4,7,1,5155,4600,1,4,6,6,2,3,5,3.333333333,1,4,6,6,6,6,7,5.75,6350.888889,5857.625,4,1,1,0
21,3,1,1,19,3,99,99,6,6,5,5,1,2,3,5,5,5,4,1,1,5,2,2,6,1,5753,6470,4348,5790,8620,3713,3948,4527,6703,8463,4328,4115,7470,6825,3855,3922,7975,7488,99,99,7,1,1,5,4,7,7,7,7,6,3,1,7,6,6,2,7720,9278,11458,6975,5142,5660,9578,2938,5015,9837,8962,5720,10558,6288,6912,6735,99,99,2,1,4,5,7,3795,5060,3,7,7,7,6,6,7,5.277777778,1,7,7,4,5,7,6,5.9375,5795.166667,7423.5,5.333333333,1,1,0
22,3,1,1,19,3,99,99,7,7,6,7,2,5,3,6,7,7,5,1,2,7,2,4,7,1,6725,3360,3096,3870,8610,4083,3807,3383,3822,3856,3812,3283,17515,2815,3550,5865,3467,4672,99,99,1,5,1,7,1,7,7,7,6,5,2,2,7,7,7,1,6030,4700,8608,3843,2948,3740,5585,1677,6563,3513,3350,2880,5020,3015,2695,5313,99,99,2,1,3,5,5,9925,2247,2,6,7,6,6,4,7,5.888888889,7,3,7,7,6,6,7,6.4375,4977.277778,4342.5,4.333333333,1,1,0
23,3,2,1,20,1,99,99,2,5,4,6,3,4,2,4,2,5,4,3,4,2,3,4,1,1,6847,6092,3698,7308,11780,4062,4570,4998,5973,7057,3142,5635,9593,6880,6853,3640,5722,5373,99,99,3,4,1,7,1,7,5,6,4,4,1,1,7,4,5,2,10480,6782,7150,3185,3945,3900,6578,3142,3170,4087,3650,3022,3980,6273,3830,9242,99,99,2,1,1,4,6,6407,3993,4,5,5,4,5,4,7,3.944444444,5,4,7,7,7,7,6,5.75,6067.944444,5151,3.666666667,1,1,0
25,3,1,1,19,3,99,99,7,7,5,6,2,2,3,5,3,6,2,2,3,5,2,2,7,2,3973,1888,6235,3398,16077,5433,4313,3428,3650,8045,2950,3203,14843,7225,3650,10190,4546,4335,99,99,6,2,2,5,2,6,7,7,7,7,1,3,4,6,7,2,10373,3882,4787,12265,5010,2328,4325,1420,2232,2403,6968,3223,7610,13460,2947,4697,99,99,2,1,3,6,5,4868,5163,3,6,6,5,6,6,6,5.055555556,2,6,6,6,7,5,6,5.875,5965.666667,5495.625,4.666666667,1,1,0
28,3,1,2,32,1,99,99,6,4,7,2,4,2,1,2,1,1,3,7,5,1,3,5,1,7,10448,10890,8787,6122,22408,4415,3422,4326,4232,5407,8970,5103,9016,5283,8780,4265,12278,5655,99,99,7,6,1,6,1,7,2,5,5,5,1,1,6,6,6,2,7205,8522,12738,7755,6282,3550,14758,4642,5127,5242,3837,4242,5173,4540,6805,5808,99,99,2,1,4,2,1,9367,9602,1,4,1,3,5,3,1,2.333333333,1,2,7,7,7,7,6,5.3125,7767.055556,6639.125,2.333333333,1,1,0
30,3,2,1,20,2,99,99,6,5,3,7,2,2,1,6,6,1,1,4,2,2,5,4,3,5,3220,6635,3923,3082,7715,2745,2417,2438,2748,3610,2637,4723,4300,3905,5135,3717,5760,3670,99,99,7,6,1,5,2,7,6,6,5,3,1,2,6,7,7,1,5243,3990,6225,7423,4143,2945,4450,2405,4313,5072,5638,4603,4538,2462,2015,3070,99,99,2,1,4,5,2,3770,4128,5,6,4,6,3,4,3,3.944444444,1,2,7,6,7,6,7,5.5,4021.111111,4283.4375,3.666666667,1,1,0
32,3,1,1,19,1,99,99,6,5,2,6,4,3,3,5,5,4,5,3,3,5,3,4,3,4,5657,7090,5455,5558,15656,6510,6145,10666,6335,9695,9240,4393,6243,5742,5963,6170,6048,6530,99,99,6,5,2,3,5,5,5,4,4,3,3,3,4,5,6,4,9322,6375,12217,8925,4500,9616,13183,9750,4610,9401,6555,5525,6725,7468,5665,6032,99,99,2,1,3,5,4,11998,5870,6,4,5,5,5,4,4,4.611111111,2,3,6,3,5,5,4,4.1875,7172,7866.8125,4,1,1,0
37,3,2,2,23,1,99,99,3,4,6,5,3,2,1,5,2,2,2,2,2,5,3,4,2,2,10517,5193,4373,4582,7638,6287,4842,3960,5783,5228,3813,7713,9192,6842,7260,5600,6853,7893,99,99,6,5,2,7,3,7,4,6,5,4,2,2,7,6,6,3,10520,15098,8785,8835,10100,3337,10533,2813,4708,13545,5463,8842,5868,4207,2755,4440,99,99,2,2,5,4,5,9240,6722,2,5,6,6,5,4,6,3.722222222,2,3,6,5,6,6,5,5.3125,6309.388889,7490.5625,4.666666667,1,0,0
41,3,2,1,19,1,99,99,3,3,6,4,5,2,2,2,3,2,2,5,3,2,5,5,2,4,8845,5797,2535,4151,4282,3317,4307,3410,4263,3360,3930,5418,8142,4050,5563,3002,4288,7561,99,99,6,5,2,6,3,7,5,7,6,4,1,3,7,6,5,3,5802,7588,8375,7780,6705,3923,7113,2555,2695,7700,3873,3343,4030,4138,7331,3450,99,99,2,1,4,4,1,5420,9203,2,3,3,5,3,3,4,2.777777778,2,3,6,5,7,5,5,5.375,4790.055556,5400.0625,3,1,1,0
44,3,1,1,21,1,99,99,7,7,1,7,2,7,6,7,7,6,6,2,1,6,1,4,7,1,3342,1858,2688,4548,6310,2535,2845,3240,3715,4970,3771,3027,4067,3275,5655,5597,4730,7196,99,99,7,6,3,5,3,6,6,7,7,7,2,3,7,7,7,5,5240,3985,7287,4232,3740,2453,5740,2890,2100,3820,3495,4317,4443,3410,3058,4145,99,99,2,1,4,6,1,4582,2770,7,6,6,7,7,4,7,6.5,1,2,5,5,6,5,3,5.375,4076.055556,4022.1875,3.666666667,1,1,0
45,3,2,1,19,1,99,99,7,7,7,7,5,4,1,1,7,4,3,1,6,1,3,5,4,1,4270,2140,2896,4135,11942,5887,3535,3062,4360,8405,2853,4010,4838,5002,6660,4338,8800,19068,99,99,4,5,1,7,1,7,6,7,7,7,1,1,7,7,7,1,10835,10092,6440,4015,3265,5178,4685,3245,2555,4490,4553,5983,10036,11485,2427,5097,99,99,2,1,5,6,3,9210,4152,1,3,7,2,5,3,7,4.111111111,4,3,7,7,7,7,7,6.5,5900.055556,5898.8125,4.666666667,1,1,0
47,3,1,2,24,1,99,99,4,2,6,5,5,2,1,2,2,3,2,6,4,2,6,4,2,5,9075,4733,5240,5095,7535,4900,4207,3820,6327,11663,4558,3258,6125,4558,4737,5052,7028,7860,99,99,5,6,4,3,4,6,5,4,3,2,5,5,4,7,7,2,11688,6610,11385,8403,5415,4933,11165,5720,5045,6055,3793,8380,7398,10037,3970,6946,99,99,2,1,4,4,1,6787,4502,2,3,2,4,2,4,3,2.611111111,3,2,4,4,3,3,6,4.125,5876.166667,7308.9375,3,1,1,0
51,3,1,2,23,3,99,99,7,5,5,4,3,6,1,5,4,5,4,6,2,4,2,3,3,1,6950,4445,4925,6640,6033,6155,3570,4301,5368,10507,3635,4307,10290,4897,10967,3912,7077,7120,99,99,3,6,1,6,3,6,3,4,2,6,5,3,7,5,7,4,9075,10808,8230,4265,2997,4950,5661,3912,7180,4735,6905,4435,9073,3518,3315,9468,99,99,2,1,3,5,1,7243,4370,3,5,2,6,6,5,7,4.555555556,5,2,7,5,3,5,4,4.8125,6172.166667,6157.9375,3,1,1,0
53,3,2,2,20,1,99,99,5,5,3,4,1,2,1,5,1,1,1,5,3,3,2,4,2,5,12200,7307,9800,7015,5171,4520,4795,7893,4540,5873,8180,3335,7068,4933,4913,5580,4963,5478,99,99,3,5,1,5,1,6,5,3,3,3,2,2,4,5,6,1,13598,6378,17065,6931,4765,6120,5445,9958,6325,7050,5673,9385,8113,4815,3383,6185,99,99,2,1,5,5,3,11856,16285,5,7,3,5,6,4,3,3.5,5,3,7,7,6,6,7,5.0625,6309.111111,7574.3125,4.333333333,1,1,0
56,3,2,2,19,1,99,99,7,3,5,2,5,1,3,4,2,1,2,2,4,5,6,6,2,7,5138,3830,2260,4603,12205,2570,3982,4657,3846,3653,3002,4628,7962,8737,4263,5650,5153,9322,99,99,7,4,2,3,7,7,7,5,7,1,1,4,7,7,7,7,10271,6393,11237,7727,3060,2918,6670,2820,4807,6880,3365,3825,4833,7640,4993,3988,99,99,2,1,7,7,1,2948,2377,3,3,6,4,2,2,1,2.944444444,1,4,6,1,7,4,1,4.6875,5303.388889,5714.1875,5,1,1,0
60,3,1,2,21,4,99,99,5,4,4,6,4,3,4,4,3,3,4,2,2,4,2,4,7,2,12883,4460,3282,4942,4930,9783,6692,4165,9052,20001,5625,7100,15468,6875,10035,3328,4546,8480,99,99,6,6,1,7,1,7,6,7,7,7,4,1,7,7,7,3,11535,26948,14923,3545,4030,2575,10603,3495,4402,7653,26523,8431,6640,3315,2480,5195,99,99,2,1,6,6,1,5110,7620,4,4,6,6,6,4,6,4.611111111,2,2,7,7,4,7,5,6,7869.277778,8893.3125,4.333333333,1,1,0
62,3,2,1,19,1,99,99,7,5,2,7,2,2,1,5,6,7,5,4,2,5,2,3,5,2,3980,3462,7295,3382,9245,3738,2910,5480,5647,4090,5717,3905,7273,6495,4093,3977,11610,9531,99,99,5,3,1,6,3,6,5,6,4,5,1,3,3,6,6,2,10388,7038,29081,4260,8828,3483,5455,5343,5285,5647,4630,8287,7803,15380,2403,9870,99,99,2,1,5,3,1,10571,7340,6,6,4,6,6,5,6,5.222222222,3,5,7,5,7,5,6,5.3125,5657.222222,8323.8125,3,1,1,0
63,3,1,1,20,4,99,99,7,2,6,6,2,2,2,3,3,2,1,1,1,2,3,2,2,3,6982,8178,6167,3613,8988,2755,4398,4488,9473,4850,6245,4825,5460,5798,4510,3655,4463,6650,99,99,5,2,2,6,4,6,5,4,2,2,1,2,6,6,6,2,6670,8375,10437,4085,4555,2998,5923,3042,3885,6170,4313,5022,5625,4507,2650,4975,99,99,2,1,5,5,1,3615,3237,2,6,7,7,5,6,5,3.888888889,3,6,6,4,7,6,6,5.0625,5638.777778,5202,3.666666667,1,1,0
64,3,1,2,19,1,99,99,5,2,6,2,5,2,2,3,2,5,2,7,5,5,4,4,3,1,6292,5015,4730,7035,9178,2927,5158,6658,3768,5300,3155,4980,8860,5023,7772,4555,7418,5680,99,99,5,5,2,5,3,5,5,6,6,6,1,2,5,5,7,3,4138,8480,10955,8555,2968,3368,7072,2483,4263,3168,4668,5463,4443,3535,4983,4138,99,99,2,1,5,5,1,3215,5320,2,3,1,3,4,4,7,3.166666667,3,3,6,5,7,6,5,5.3125,5750.222222,5167.5,3.666666667,1,1,0
72,3,1,1,19,4,99,99,5,7,2,7,6,7,2,7,6,3,7,7,1,4,1,2,5,3,7922,3927,6567,4962,8778,3473,3462,3610,4728,7457,3358,2355,7227,4647,5858,4167,7808,7738,99,99,7,4,3,5,5,7,5,6,6,7,3,3,7,5,7,2,5795,5722,14255,11325,4515,2928,7703,3883,3200,10260,5045,5525,14185,5398,3370,6468,99,99,2,1,1,4,6,5452,2845,6,2,1,7,7,6,5,5.222222222,1,4,5,3,5,5,6,5.25,5446.888889,6848.5625,3.666666667,1,1,0
73,3,1,1,19,1,99,99,7,6,2,6,2,3,2,6,3,6,4,4,3,3,4,3,4,2,4360,7088,6485,5628,15583,6780,9593,6293,9318,9065,7800,7396,17203,10770,4531,8952,16020,14641,99,99,5,4,2,2,4,7,6,6,6,5,3,3,4,6,6,4,8782,11576,8205,13247,9905,2933,6287,4427,2053,8655,6763,7033,10062,8145,10906,9995,99,99,2,1,5,5,3,4378,7215,6,6,4,5,4,5,6,4.777777778,3,4,6,4,5,5,4,4.9375,9305.888889,8060.875,4.333333333,1,1,0
74,3,1,2,19,1,99,99,3,2,5,5,5,3,2,3,3,3,3,2,3,4,4,5,3,2,6072,4335,3457,5560,5518,5987,11062,5036,5653,6025,4433,3588,11517,5765,4138,2978,4628,6780,99,99,6,2,4,4,5,6,4,5,5,3,3,5,4,6,6,5,7583,5413,6215,8458,4023,3863,6026,2712,3290,4055,5448,2830,11853,2883,2783,4782,99,99,2,1,5,6,2,3405,3337,3,3,6,5,4,3,6,3.555555556,2,6,4,3,5,3,3,4.3125,5696.222222,5138.5625,4.333333333,1,1,0
77,3,2,1,29,1,99,99,7,4,1,3,4,2,2,4,7,7,4,1,4,7,3,3,7,5,4918,9678,3583,6848,20073,5312,7993,5090,7158,7920,5820,5008,12437,7577,10298,11068,8075,18513,99,99,3,3,3,5,6,4,5,7,3,3,1,4,4,6,6,7,9450,10985,21973,13335,7563,9181,14315,10343,7865,7877,8640,14793,16138,5778,4113,7215,99,99,2,1,4,6,1,5007,8758,7,4,7,4,5,5,3,4.944444444,5,5,5,2,7,4,1,4.5,8742.722222,10597.75,3.666666667,1,1,0
83,3,2,2,19,1,99,99,1,2,5,5,5,2,2,2,4,3,2,6,5,5,3,5,3,5,3033,2435,2580,3237,4355,1947,2605,3450,3980,4210,2548,2523,5210,3195,3858,2875,3465,4857,99,99,7,6,5,6,3,5,2,6,5,5,5,2,5,5,5,5,3288,3923,5730,3805,2755,2505,4440,2597,2490,3103,2682,4503,4173,3890,2218,5120,99,99,2,1,6,6,5,3733,2418,3,3,2,3,5,3,3,2.944444444,1,2,3,5,3,6,3,4.1875,3353.5,3576.375,5.666666667,1,1,0
85,3,2,2,19,2,99,99,2,2,6,1,1,6,1,7,1,1,6,2,1,1,2,6,1,2,7188,3593,3270,6908,6288,2885,2745,4655,5075,6180,5520,3352,11038,5103,6937,4840,8373,7458,99,99,2,5,6,7,1,5,5,7,5,4,4,1,7,4,6,1,9540,8463,8997,4392,4575,4788,10841,2647,4893,12432,6828,4858,3860,5380,8072,5978,99,99,2,1,5,7,2,5331,5265,2,7,6,7,6,2,6,3.611111111,6,3,2,7,4,7,7,5.375,5633.777778,6659,4.666666667,1,1,0
87,3,1,2,19,1,99,99,5,2,6,7,6,2,4,2,3,5,2,5,6,3,5,7,2,3,7505,6533,3190,7098,7927,5758,6125,5562,8497,12793,5600,5663,6170,7515,13968,4675,5815,9280,99,99,5,6,3,4,5,5,3,5,5,3,6,2,6,7,7,5,12980,5900,9930,12400,5747,3848,7960,9170,8155,6117,3570,7955,5696,7640,8060,18813,99,99,2,1,3,3,4,5438,1390,2,2,3,2,3,1,5,3.055555556,3,2,5,3,2,6,3,4.3125,7204.111111,8371.3125,3.333333333,1,1,0
88,3,2,2,21,1,99,99,6,3,2,7,2,2,1,5,7,6,3,2,3,5,3,4,3,2,5140,3057,7942,3797,9250,4880,2173,4137,2880,3673,4568,3478,3815,3440,4161,3288,5887,7092,99,99,6,6,2,7,3,5,6,7,3,2,3,1,7,5,6,2,5585,4223,7378,2948,4817,2922,9160,2181,5145,3828,4382,4007,2893,2867,3180,3810,99,99,2,1,5,3,1,5545,8865,6,6,6,5,5,4,6,4.777777778,2,2,6,5,5,7,6,5.0625,4592.111111,4332.875,3,1,1,0
94,3,2,2,19,1,99,99,6,7,7,5,3,6,2,5,2,2,3,7,3,2,2,2,3,4,2605,2150,1688,3603,3685,3820,3000,2715,3408,3628,3005,3173,4070,4770,4230,2155,5080,6530,99,99,7,2,3,7,5,7,7,7,7,7,6,1,7,6,7,3,4310,4293,7903,3082,3415,2290,8380,2095,2120,3280,3380,2968,2310,3442,4117,3892,99,99,2,1,5,6,1,3342,3725,1,5,1,5,6,6,4,3.944444444,1,6,5,3,2,7,5,5.6875,3517.5,3829.8125,4,1,1,0
97,3,1,2,29,2,99,99,5,4,2,6,4,2,7,5,2,5,2,5,1,3,2,2,2,3,18590,8015,16070,7110,14963,5783,4932,10453,13873,13225,6512,22243,8555,12483,7443,10080,6243,12157,99,99,2,2,2,6,2,6,5,5,4,4,3,2,7,4,5,2,18086,5847,9337,8072,7798,4578,8957,6715,9810,4995,24413,6753,6307,13253,8098,8748,99,99,2,2,2,6,5,17181,7168,6,4,3,7,6,6,5,4.444444444,6,6,6,6,5,6,6,5.4375,11040.55556,9485.4375,4.333333333,1,0,0
104,3,1,1,19,1,99,99,6,4,5,5,2,3,1,6,1,1,2,2,2,5,4,1,3,4,9670,5233,5550,6676,11310,9320,2965,6901,3860,5785,6453,8472,10351,11945,6743,4170,9840,8870,99,99,5,3,1,7,1,7,6,7,7,7,3,1,7,5,7,1,9955,5915,7130,4743,6888,3050,5940,2512,4060,4818,9865,4275,4915,7633,2968,3702,99,99,2,1,5,7,1,6260,4838,3,6,6,6,4,7,4,4.055555556,3,5,7,7,5,7,7,6.3125,7450.777778,5523.0625,4.333333333,1,1,0
105,3,1,2,19,2,99,99,3,4,3,2,4,3,1,5,4,3,4,3,3,5,1,2,3,4,7455,7117,7506,6760,6582,6272,4317,5112,5933,9487,4678,5865,7806,5900,7650,4112,8307,12458,99,99,4,5,3,5,2,7,6,6,5,5,1,1,3,7,7,2,6577,9600,9118,5598,4328,4265,10307,3142,6766,8130,10683,4502,8706,4872,3820,9615,99,99,2,2,4,5,1,4635,6233,5,4,5,5,7,6,4,4.055555556,4,3,5,6,7,7,6,5.5625,6850.944444,6876.8125,3.333333333,1,0,0
110,3,2,1,19,1,99,99,6,3,7,5,5,2,3,4,3,3,4,1,3,3,2,5,3,1,8328,3840,2955,4267,4833,3100,3230,3413,5440,4488,4487,3915,6167,4240,4161,4875,5197,6630,99,99,7,5,2,5,2,6,6,3,2,3,1,2,6,6,7,2,7463,8178,8523,7113,5512,2582,4438,2752,3878,5455,4813,3313,4618,3380,3863,3662,99,99,2,1,3,5,2,4990,3702,1,3,7,5,6,3,7,3.944444444,1,3,6,6,7,6,6,4.9375,4642.555556,4971.4375,3.333333333,1,1,0
111,3,2,1,19,4,99,99,6,5,7,6,4,6,1,5,4,1,2,1,2,4,4,4,3,1,4972,2755,3143,4365,5347,2072,1735,3645,5836,3257,2980,3120,3100,6180,6255,4615,4545,5478,99,99,4,6,1,5,2,5,5,6,2,2,4,5,5,5,5,2,6173,5100,8672,3003,4470,2858,5000,2376,4342,2793,6758,4697,4162,2785,2505,3042,99,99,2,1,5,2,1,3847,3792,1,4,7,6,4,4,7,4.222222222,4,2,7,6,4,3,6,4.5,4077.777778,4296,2.666666667,1,1,0
114,3,1,2,23,4,99,99,4,5,2,7,5,1,7,2,7,5,1,1,4,2,1,5,7,4,4631,10403,9775,4698,5503,7198,4803,7220,3553,10270,4048,8923,4660,7590,4947,7935,6170,29243,99,99,5,3,1,7,1,7,7,7,7,7,5,1,7,7,7,2,6605,6285,6525,3991,6275,2857,4850,2160,2427,3235,6050,4091,8735,4507,3882,8505,99,99,2,1,4,7,1,7267,2882,6,3,7,4,7,3,4,4.555555556,3,5,7,7,3,7,6,6.3125,7865,5061.25,4,1,1,0
